티커,신규내역,구분,날짜
A,52.0,digrin,2024-10-13
AAPL,84.0,digrin,2024-10-13
ABBV,48.0,digrin,2024-10-13
ABM,161.0,digrin,2024-10-13
A,52.0,yfinance,2024-10-13
AAPL,84.0,yfinance,2024-10-13
ABBV,47.0,yfinance,2024-10-13
ABM,161.0,yfinance,2024-10-13
A,52.0,nasdaq,2024-10-13
AAPL,75.0,nasdaq,2024-10-13
ABBV,49.0,nasdaq,2024-10-13
ABM,117.0,nasdaq,2024-10-13
A,51.0,seekingalpha,2024-10-13
AAPL,75.0,seekingalpha,2024-10-13
ABBV,48.0,seekingalpha,2024-10-13
ABM,123.0,seekingalpha,2024-10-13
ABR,83.0,digrin,2024-10-14
ABT,170.0,digrin,2024-10-14
ADC,152.0,digrin,2024-10-14
ADI,84.0,digrin,2024-10-14
ADM,172.0,digrin,2024-10-14
ADP,167.0,digrin,2024-10-14
AEE,107.0,digrin,2024-10-14
AEP,249.0,digrin,2024-10-14
AES,55.0,digrin,2024-10-14
AFG,177.0,digrin,2024-10-14
AFL,163.0,digrin,2024-10-14
AGCO,89.0,digrin,2024-10-14
AGM,81.0,digrin,2024-10-14
AGO,81.0,digrin,2024-10-14
AIN,134.0,digrin,2024-10-14
AIT,210.0,digrin,2024-10-14
AIZ,83.0,digrin,2024-10-14
AJG,160.0,digrin,2024-10-14
AL,106.0,digrin,2024-10-14
ALB,127.0,digrin,2024-10-14
ALE,159.0,digrin,2024-10-14
ALG,134.0,digrin,2024-10-14
ALL,164.0,digrin,2024-10-14
ALLE,77.0,digrin,2024-10-14
AMAT,79.0,digrin,2024-10-14
AMGN,53.0,digrin,2024-10-14
AMP,101.0,digrin,2024-10-14
AMT,66.0,digrin,2024-10-14
AON,169.0,digrin,2024-10-14
AOS,163.0,digrin,2024-10-14
APD,168.0,digrin,2024-10-14
APH,79.0,digrin,2024-10-14
APOG,162.0,digrin,2024-10-14
ARE,110.0,digrin,2024-10-14
ASB,163.0,digrin,2024-10-14
ASH,173.0,digrin,2024-10-14
ATO,159.0,digrin,2024-10-14
ATR,125.0,digrin,2024-10-14
AUB,100.0,digrin,2024-10-14
AVA,159.0,digrin,2024-10-14
AVGO,61.0,digrin,2024-10-14
AVNT,68.0,digrin,2024-10-14
AVT,126.0,digrin,2024-10-14
AVY,157.0,digrin,2024-10-14
AWI,29.0,digrin,2024-10-14
AWK,138.0,digrin,2024-10-14
AWR,162.0,digrin,2024-10-14
AXS,85.0,digrin,2024-10-14
AY,40.0,digrin,2024-10-14
BAC,241.0,digrin,2024-10-14
BAH,57.0,digrin,2024-10-14
BANF,138.0,digrin,2024-10-14
BAX,153.0,digrin,2024-10-14
BBY,87.0,digrin,2024-10-14
BC,139.0,digrin,2024-10-14
BCC,79.0,digrin,2024-10-14
BCPC,39.0,digrin,2024-10-14
BDX,168.0,digrin,2024-10-14
BEN,164.0,digrin,2024-10-14
BF/B,161.0,digrin,2024-10-14
BIP,73.0,digrin,2024-10-14
BK,193.0,digrin,2024-10-14
BKH,159.0,digrin,2024-10-14
BLK,86.0,digrin,2024-10-14
BMI,160.0,digrin,2024-10-14
BMY,210.0,digrin,2024-10-14
BOKF,79.0,digrin,2024-10-14
BPOP,133.0,digrin,2024-10-14
BR,141.0,digrin,2024-10-14
BRC,166.0,digrin,2024-10-14
BRO,156.0,digrin,2024-10-14
BWXT,48.0,digrin,2024-10-14
CABO,37.0,digrin,2024-10-14
CADE,202.0,digrin,2024-10-14
CAH,169.0,digrin,2024-10-14
CASY,142.0,digrin,2024-10-14
CAT,207.0,digrin,2024-10-14
CB,256.0,digrin,2024-10-14
CBOE,59.0,digrin,2024-10-14
CBSH,161.0,digrin,2024-10-14
CBT,163.0,digrin,2024-10-14
CBU,165.0,digrin,2024-10-14
CCI,79.0,digrin,2024-10-14
CCOI,50.0,digrin,2024-10-14
CDW,44.0,digrin,2024-10-14
CE,77.0,digrin,2024-10-14
CFR,140.0,digrin,2024-10-14
CGNX,79.0,digrin,2024-10-14
CHCO,146.0,digrin,2024-10-14
CHD,162.0,digrin,2024-10-14
CHDN,47.0,digrin,2024-10-14
CHE,160.0,digrin,2024-10-14
CHRW,111.0,digrin,2024-10-14
CINF,163.0,digrin,2024-10-14
CL,206.0,digrin,2024-10-14
CLX,168.0,digrin,2024-10-14
CMCSA,127.0,digrin,2024-10-14
CME,101.0,digrin,2024-10-14
CMI,198.0,digrin,2024-10-14
CMS,129.0,digrin,2024-10-14
CNA,69.0,digrin,2024-10-14
CNO,50.0,digrin,2024-10-14
CNS,95.0,digrin,2024-10-14
COP,175.0,digrin,2024-10-14
COR,45.0,digrin,2024-10-14
COST,88.0,digrin,2024-10-14
CPK,160.0,digrin,2024-10-14
CSCO,55.0,digrin,2024-10-14
CSGS,47.0,digrin,2024-10-14
CSL,160.0,digrin,2024-10-14
CSX,179.0,digrin,2024-10-14
CTRE,42.0,digrin,2024-10-14
CUBE,80.0,digrin,2024-10-14
CUZ,163.0,digrin,2024-10-14
CVX,222.0,digrin,2024-10-14
CW,162.0,digrin,2024-10-14
CWT,160.0,digrin,2024-10-14
DCI,161.0,digrin,2024-10-14
DDS,162.0,digrin,2024-10-14
DFS,69.0,digrin,2024-10-14
DG,96.0,digrin,2024-10-14
DGX,86.0,digrin,2024-10-14
DHI,111.0,digrin,2024-10-14
DHR,133.0,digrin,2024-10-14
DKL,63.0,digrin,2024-10-14
DKS,54.0,digrin,2024-10-14
DLB,41.0,digrin,2024-10-14
DOV,168.0,digrin,2024-10-14
DOX,50.0,digrin,2024-10-14
DPZ,59.0,digrin,2024-10-14
DTE,261.0,digrin,2024-10-14
DUK,167.0,digrin,2024-10-14
ECL,158.0,digrin,2024-10-14
ED,250.0,digrin,2024-10-14
EFSC,90.0,digrin,2024-10-14
EGP,162.0,digrin,2024-10-14
EIX,192.0,digrin,2024-10-14
ELS,128.0,digrin,2024-10-14
ELV,55.0,digrin,2024-10-14
EMN,127.0,digrin,2024-10-14
EMR,211.0,digrin,2024-10-14
ENSG,70.0,digrin,2024-10-14
EOG,153.0,digrin,2024-10-14
EPD,106.0,digrin,2024-10-14
EPRT,26.0,digrin,2024-10-14
EQH,25.0,digrin,2024-10-14
EQIX,41.0,digrin,2024-10-14
EQR,130.0,digrin,2024-10-14
ERIE,121.0,digrin,2024-10-14
ES,160.0,digrin,2024-10-14
ESS,122.0,digrin,2024-10-14
ETN,211.0,digrin,2024-10-14
ETR,200.0,digrin,2024-10-14
EVR,96.0,digrin,2024-10-14
EVRG,163.0,digrin,2024-10-14
EWBC,104.0,digrin,2024-10-14
EXPD,65.0,digrin,2024-10-14
EXPO,47.0,digrin,2024-10-14
EXR,80.0,digrin,2024-10-14
FAF,127.0,digrin,2024-10-14
FANG,26.0,digrin,2024-10-14
FAST,88.0,digrin,2024-10-14
FCF,129.0,digrin,2024-10-14
FCPT,37.0,digrin,2024-10-14
FDS,104.0,digrin,2024-10-14
FELE,146.0,digrin,2024-10-14
FFIN,128.0,digrin,2024-10-14
FIBK,59.0,digrin,2024-10-14
FITB,163.0,digrin,2024-10-14
FIX,76.0,digrin,2024-10-14
FLO,146.0,digrin,2024-10-14
FMC,86.0,digrin,2024-10-14
FNF,132.0,digrin,2024-10-14
FNV,93.0,digrin,2024-10-14
FR,107.0,digrin,2024-10-14
FRME,146.0,digrin,2024-10-14
FRT,165.0,digrin,2024-10-14
FSV,40.0,digrin,2024-10-14
FUL,161.0,digrin,2024-10-14
G,123.0,digrin,2024-10-14
GATX,189.0,digrin,2024-10-14
GD,210.0,digrin,2024-10-14
GFF,56.0,digrin,2024-10-14
GGG,166.0,digrin,2024-10-14
GHC,157.0,digrin,2024-10-14
GILD,38.0,digrin,2024-10-14
GL,159.0,digrin,2024-10-14
GLW,149.0,digrin,2024-10-14
GOLF,31.0,digrin,2024-10-14
GPC,166.0,digrin,2024-10-14
GRMN,66.0,digrin,2024-10-14
GS,103.0,digrin,2024-10-14
GTY,151.0,digrin,2024-10-14
GWW,159.0,digrin,2024-10-14
HASI,47.0,digrin,2024-10-14
HD,152.0,digrin,2024-10-14
HEI,84.0,digrin,2024-10-14
HESM,29.0,digrin,2024-10-14
HI,107.0,digrin,2024-10-14
HIG,116.0,digrin,2024-10-14
HII,60.0,digrin,2024-10-14
HLI,48.0,digrin,2024-10-14
HLNE,30.0,digrin,2024-10-14
HMN,131.0,digrin,2024-10-14
HNI,161.0,digrin,2024-10-14
HOMB,74.0,digrin,2024-10-14
HON,302.0,digrin,2024-10-14
HPQ,216.0,digrin,2024-10-14
HRB,161.0,digrin,2024-10-14
HRL,165.0,digrin,2024-10-14
HSY,164.0,digrin,2024-10-14
HTH,38.0,digrin,2024-10-14
HTLF,124.0,digrin,2024-10-14
HUBB,161.0,digrin,2024-10-14
HUM,99.0,digrin,2024-10-14
HWKN,86.0,digrin,2024-10-14
IBM,249.0,digrin,2024-10-14
IBOC,59.0,digrin,2024-10-14
ICE,46.0,digrin,2024-10-14
IDA,161.0,digrin,2024-10-14
IEX,120.0,digrin,2024-10-14
IIPR,30.0,digrin,2024-10-14
INDB,143.0,digrin,2024-10-14
INGR,105.0,digrin,2024-10-14
INTU,54.0,digrin,2024-10-14
INVH,31.0,digrin,2024-10-14
IOSP,36.0,digrin,2024-10-14
IPG,129.0,digrin,2024-10-14
ITT,126.0,digrin,2024-10-14
ITW,158.0,digrin,2024-10-14
JBHT,147.0,digrin,2024-10-14
JEF,68.0,digrin,2024-10-14
JJSF,80.0,digrin,2024-10-14
JKHY,140.0,digrin,2024-10-14
JNJ,251.0,digrin,2024-10-14
JPM,198.0,digrin,2024-10-14
KAI,47.0,digrin,2024-10-14
KEY,191.0,digrin,2024-10-14
KFRC,45.0,digrin,2024-10-14
KLAC,79.0,digrin,2024-10-14
KMB,160.0,digrin,2024-10-14
KMI,113.0,digrin,2024-10-14
KNSL,33.0,digrin,2024-10-14
KO,251.0,digrin,2024-10-14
KR,179.0,digrin,2024-10-14
KRC,112.0,digrin,2024-10-14
KWR,161.0,digrin,2024-10-14
LAD,80.0,digrin,2024-10-14
LANC,164.0,digrin,2024-10-14
LCII,39.0,digrin,2024-10-14
LECO,118.0,digrin,2024-10-14
LEG,159.0,digrin,2024-10-14
LFUS,56.0,digrin,2024-10-14
LHX,174.0,digrin,2024-10-14
LII,101.0,digrin,2024-10-14
LIN,130.0,digrin,2024-10-14
LKFN,121.0,digrin,2024-10-14
LLY,210.0,digrin,2024-10-14
LMAT,55.0,digrin,2024-10-14
LMT,166.0,digrin,2024-10-14
LNN,115.0,digrin,2024-10-14
LNT,154.0,digrin,2024-10-14
LOGI,17.0,digrin,2024-10-14
LOW,158.0,digrin,2024-10-14
LPX,126.0,digrin,2024-10-14
LRCX,42.0,digrin,2024-10-14
LSTR,83.0,digrin,2024-10-14
LW,32.0,digrin,2024-10-14
LYB,56.0,digrin,2024-10-14
MA,74.0,digrin,2024-10-14
MAA,126.0,digrin,2024-10-14
MAN,63.0,digrin,2024-10-14
MAS,168.0,digrin,2024-10-14
MATX,159.0,digrin,2024-10-14
MBIN,28.0,digrin,2024-10-14
MCD,202.0,digrin,2024-10-14
MCHP,88.0,digrin,2024-10-14
MCK,153.0,digrin,2024-10-14
MCO,135.0,digrin,2024-10-14
MDLZ,94.0,digrin,2024-10-14
MDT,174.0,digrin,2024-10-14
MET,76.0,digrin,2024-10-14
MGA,161.0,digrin,2024-10-14
MGEE,104.0,digrin,2024-10-14
MGRC,140.0,digrin,2024-10-14
MKC,170.0,digrin,2024-10-14
MKTX,61.0,digrin,2024-10-14
MLM,121.0,digrin,2024-10-14
MMC,177.0,digrin,2024-10-14
MMM,248.0,digrin,2024-10-14
MO,251.0,digrin,2024-10-14
MORN,56.0,digrin,2024-10-14
MPLX,47.0,digrin,2024-10-14
MPWR,43.0,digrin,2024-10-14
MRK,248.0,digrin,2024-10-14
MS,164.0,digrin,2024-10-14
MSA,192.0,digrin,2024-10-14
MSCI,40.0,digrin,2024-10-14
MSEX,162.0,digrin,2024-10-14
MSFT,84.0,digrin,2024-10-14
MSI,243.0,digrin,2024-10-14
MTB,201.0,digrin,2024-10-14
MTRN,118.0,digrin,2024-10-14
MWA,72.0,digrin,2024-10-14
NBHC,49.0,digrin,2024-10-14
NBTB,130.0,digrin,2024-10-14
NDAQ,50.0,digrin,2024-10-14
NDSN,152.0,digrin,2024-10-14
NEE,166.0,digrin,2024-10-14
NEP,40.0,digrin,2024-10-14
NEU,156.0,digrin,2024-10-14
NFG,149.0,digrin,2024-10-14
NHC,133.0,digrin,2024-10-14
NI,155.0,digrin,2024-10-14
NJR,156.0,digrin,2024-10-14
NKE,158.0,digrin,2024-10-14
NNI,66.0,digrin,2024-10-14
NNN,160.0,digrin,2024-10-14
NOC,177.0,digrin,2024-10-14
NPO,39.0,digrin,2024-10-14
NSA,38.0,digrin,2024-10-14
NSC,170.0,digrin,2024-10-14
NSP,146.0,digrin,2024-10-14
NTR,103.0,digrin,2024-10-14
NUE,182.0,digrin,2024-10-14
NWE,132.0,digrin,2024-10-14
NWN,152.0,digrin,2024-10-14
NXST,47.0,digrin,2024-10-14
NYT,139.0,digrin,2024-10-14
O,362.0,digrin,2024-10-14
OC,94.0,digrin,2024-10-14
ODFL,32.0,digrin,2024-10-14
OGE,162.0,digrin,2024-10-14
OGS,42.0,digrin,2024-10-14
OLED,31.0,digrin,2024-10-14
ORCL,63.0,digrin,2024-10-14
ORI,221.0,digrin,2024-10-14
OSK,136.0,digrin,2024-10-14
OTEX,48.0,digrin,2024-10-14
OTTR,163.0,digrin,2024-10-14
OZK,110.0,digrin,2024-10-14
PAYX,145.0,digrin,2024-10-14
PB,149.0,digrin,2024-10-14
PEBO,129.0,digrin,2024-10-14
PEG,180.0,digrin,2024-10-14
PEP,210.0,digrin,2024-10-14
PFE,210.0,digrin,2024-10-14
PFG,61.0,digrin,2024-10-14
PG,252.0,digrin,2024-10-14
PH,162.0,digrin,2024-10-14
PHM,141.0,digrin,2024-10-14
PII,155.0,digrin,2024-10-14
PKG,84.0,digrin,2024-10-14
PLD,174.0,digrin,2024-10-14
PM,68.0,digrin,2024-10-14
PNC,158.0,digrin,2024-10-14
PNW,145.0,digrin,2024-10-14
POOL,82.0,digrin,2024-10-14
POR,80.0,digrin,2024-10-14
POWI,64.0,digrin,2024-10-14
PPG,167.0,digrin,2024-10-14
PRGO,88.0,digrin,2024-10-14
PRI,77.0,digrin,2024-10-14
PRU,63.0,digrin,2024-10-14
PSX,71.0,digrin,2024-10-14
QCOM,87.0,digrin,2024-10-14
QSR,39.0,digrin,2024-10-14
R,185.0,digrin,2024-10-14
RBA,91.0,digrin,2024-10-14
REG,124.0,digrin,2024-10-14
REXR,45.0,digrin,2024-10-14
RF,173.0,digrin,2024-10-14
RGA,126.0,digrin,2024-10-14
RGLD,89.0,digrin,2024-10-14
RHI,92.0,digrin,2024-10-14
RJF,160.0,digrin,2024-10-14
RLI,170.0,digrin,2024-10-14
RMD,49.0,digrin,2024-10-14
RNR,117.0,digrin,2024-10-14
ROK,175.0,digrin,2024-10-14
ROP,133.0,digrin,2024-10-14
RPM,162.0,digrin,2024-10-14
RRX,162.0,digrin,2024-10-14
RS,124.0,digrin,2024-10-14
RSG,86.0,digrin,2024-10-14
RUSHA,25.0,digrin,2024-10-14
SBUX,58.0,digrin,2024-10-14
SCI,137.0,digrin,2024-10-14
SCL,162.0,digrin,2024-10-14
SEIC,78.0,digrin,2024-10-14
SF,70.0,digrin,2024-10-14
SFBS,45.0,digrin,2024-10-14
SFNC,169.0,digrin,2024-10-14
SHW,157.0,digrin,2024-10-14
SIGI,165.0,digrin,2024-10-14
SIRI,33.0,digrin,2024-10-14
SJM,121.0,digrin,2024-10-14
SJW,179.0,digrin,2024-10-14
SLGN,82.0,digrin,2024-10-14
SNA,158.0,digrin,2024-10-14
SO,171.0,digrin,2024-10-14
SON,161.0,digrin,2024-10-14
SPGI,160.0,digrin,2024-10-14
SR,248.0,digrin,2024-10-14
SRE,162.0,digrin,2024-10-14
SSB,126.0,digrin,2024-10-14
SSD,83.0,digrin,2024-10-14
SSNC,45.0,digrin,2024-10-14
STAG,143.0,digrin,2024-10-14
STBA,130.0,digrin,2024-10-14
STE,79.0,digrin,2024-10-14
STLD,91.0,digrin,2024-10-14
STT,161.0,digrin,2024-10-14
STZ,39.0,digrin,2024-10-14
SUI,126.0,digrin,2024-10-14
SWK,160.0,digrin,2024-10-14
SWKS,54.0,digrin,2024-10-14
SWX,161.0,digrin,2024-10-14
SXI,158.0,digrin,2024-10-14
SYBT,131.0,digrin,2024-10-14
SYK,79.0,digrin,2024-10-14
SYY,156.0,digrin,2024-10-14
TCBK,129.0,digrin,2024-10-14
TDS,161.0,digrin,2024-10-14
TEL,70.0,digrin,2024-10-14
TGT,166.0,digrin,2024-10-14
THG,80.0,digrin,2024-10-14
THO,156.0,digrin,2024-10-14
TKR,158.0,digrin,2024-10-14
TMO,55.0,digrin,2024-10-14
TNC,159.0,digrin,2024-10-14
TOWN,77.0,digrin,2024-10-14
TPL,68.0,digrin,2024-10-14
TR,163.0,digrin,2024-10-14
TRI,174.0,digrin,2024-10-14
TRN,211.0,digrin,2024-10-14
TRNO,55.0,digrin,2024-10-14
TROW,163.0,digrin,2024-10-14
TRV,205.0,digrin,2024-10-14
TSCO,59.0,digrin,2024-10-14
TSN,161.0,digrin,2024-10-14
TTC,161.0,digrin,2024-10-14
TTEK,42.0,digrin,2024-10-14
TXN,213.0,digrin,2024-10-14
UBSI,161.0,digrin,2024-10-14
UDR,164.0,digrin,2024-10-14
UFPI,73.0,digrin,2024-10-14
UGI,161.0,digrin,2024-10-14
UMBF,162.0,digrin,2024-10-14
UNF,200.0,digrin,2024-10-14
UNH,80.0,digrin,2024-10-14
UNM,155.0,digrin,2024-10-14
UNP,183.0,digrin,2024-10-14
UPS,100.0,digrin,2024-10-14
USB,214.0,digrin,2024-10-14
UVV,158.0,digrin,2024-10-14
V,66.0,digrin,2024-10-14
VICI,27.0,digrin,2024-10-14
VMC,163.0,digrin,2024-10-14
VRTS,42.0,digrin,2024-10-14
VZ,164.0,digrin,2024-10-14
WABC,160.0,digrin,2024-10-14
WAFD,169.0,digrin,2024-10-14
WCN,89.0,digrin,2024-10-14
WD,28.0,digrin,2024-10-14
WDFC,164.0,digrin,2024-10-14
WEC,157.0,digrin,2024-10-14
WGO,95.0,digrin,2024-10-14
WING,33.0,digrin,2024-10-14
WLK,83.0,digrin,2024-10-14
WLY,161.0,digrin,2024-10-14
WM,90.0,digrin,2024-10-14
WMB,187.0,digrin,2024-10-14
WMS,41.0,digrin,2024-10-14
WMT,202.0,digrin,2024-10-14
WOR,187.0,digrin,2024-10-14
WRB,174.0,digrin,2024-10-14
WSBC,151.0,digrin,2024-10-14
WSFS,118.0,digrin,2024-10-14
WSM,75.0,digrin,2024-10-14
WSO,162.0,digrin,2024-10-14
WST,162.0,digrin,2024-10-14
WTFC,71.0,digrin,2024-10-14
WTRG,159.0,digrin,2024-10-14
WTS,153.0,digrin,2024-10-14
XEL,180.0,digrin,2024-10-14
XOM,250.0,digrin,2024-10-14
XRAY,126.0,digrin,2024-10-14
XYL,52.0,digrin,2024-10-14
YUM,81.0,digrin,2024-10-14
ZION,159.0,digrin,2024-10-14
ZTS,46.0,digrin,2024-10-14
ABR,69.0,yfinance,2024-10-14
ABT,168.0,yfinance,2024-10-14
ADC,152.0,yfinance,2024-10-14
ADI,84.0,yfinance,2024-10-14
ADM,166.0,yfinance,2024-10-14
ADP,167.0,yfinance,2024-10-14
AEE,107.0,yfinance,2024-10-14
AEP,246.0,yfinance,2024-10-14
AES,53.0,yfinance,2024-10-14
AFG,171.0,yfinance,2024-10-14
AFL,161.0,yfinance,2024-10-14
AGCO,84.0,yfinance,2024-10-14
AGM,80.0,yfinance,2024-10-14
AGO,79.0,yfinance,2024-10-14
AIN,127.0,yfinance,2024-10-14
AIT,148.0,yfinance,2024-10-14
AIZ,82.0,yfinance,2024-10-14
AJG,144.0,yfinance,2024-10-14
AL,47.0,yfinance,2024-10-14
ALB,125.0,yfinance,2024-10-14
ALE,148.0,yfinance,2024-10-14
ALG,126.0,yfinance,2024-10-14
ALL,125.0,yfinance,2024-10-14
ALLE,42.0,yfinance,2024-10-14
AMAT,78.0,yfinance,2024-10-14
AMGN,53.0,yfinance,2024-10-14
AMP,76.0,yfinance,2024-10-14
AMT,52.0,yfinance,2024-10-14
AON,155.0,yfinance,2024-10-14
AOS,156.0,yfinance,2024-10-14
APD,165.0,yfinance,2024-10-14
APH,79.0,yfinance,2024-10-14
APOG,147.0,yfinance,2024-10-14
ARE,107.0,yfinance,2024-10-14
ASB,154.0,yfinance,2024-10-14
ASH,166.0,yfinance,2024-10-14
ATO,140.0,yfinance,2024-10-14
ATR,125.0,yfinance,2024-10-14
AUB,98.0,yfinance,2024-10-14
AVA,150.0,yfinance,2024-10-14
AVGO,56.0,yfinance,2024-10-14
AVNT,64.0,yfinance,2024-10-14
AVT,125.0,yfinance,2024-10-14
AVY,148.0,yfinance,2024-10-14
AWI,27.0,yfinance,2024-10-14
AWK,65.0,yfinance,2024-10-14
AWR,150.0,yfinance,2024-10-14
AXS,83.0,yfinance,2024-10-14
AY,38.0,yfinance,2024-10-14
BAC,154.0,yfinance,2024-10-14
BAH,52.0,yfinance,2024-10-14
BANF,135.0,yfinance,2024-10-14
BAX,152.0,yfinance,2024-10-14
BBY,85.0,yfinance,2024-10-14
BC,135.0,yfinance,2024-10-14
BCC,30.0,yfinance,2024-10-14
BCPC,36.0,yfinance,2024-10-14
BDX,168.0,yfinance,2024-10-14
BEN,154.0,yfinance,2024-10-14
BF/B,158.0,yfinance,2024-10-14
BIP,65.0,yfinance,2024-10-14
BK,149.0,yfinance,2024-10-14
BKH,151.0,yfinance,2024-10-14
BLK,85.0,yfinance,2024-10-14
BMI,139.0,yfinance,2024-10-14
BMY,209.0,yfinance,2024-10-14
BOKF,79.0,yfinance,2024-10-14
BPOP,133.0,yfinance,2024-10-14
BR,70.0,yfinance,2024-10-14
BRC,131.0,yfinance,2024-10-14
BRO,151.0,yfinance,2024-10-14
BWXT,47.0,yfinance,2024-10-14
CABO,36.0,yfinance,2024-10-14
CADE,140.0,yfinance,2024-10-14
CAH,153.0,yfinance,2024-10-14
CASY,137.0,yfinance,2024-10-14
CAT,202.0,yfinance,2024-10-14
CB,127.0,yfinance,2024-10-14
CBOE,54.0,yfinance,2024-10-14
CBSH,150.0,yfinance,2024-10-14
CBT,154.0,yfinance,2024-10-14
CBU,138.0,yfinance,2024-10-14
CCI,43.0,yfinance,2024-10-14
CCOI,49.0,yfinance,2024-10-14
CDW,44.0,yfinance,2024-10-14
CE,77.0,yfinance,2024-10-14
CFR,122.0,yfinance,2024-10-14
CGNX,78.0,yfinance,2024-10-14
CHCO,143.0,yfinance,2024-10-14
CHD,138.0,yfinance,2024-10-14
CHDN,31.0,yfinance,2024-10-14
CHE,144.0,yfinance,2024-10-14
CHRW,110.0,yfinance,2024-10-14
CINF,154.0,yfinance,2024-10-14
CL,205.0,yfinance,2024-10-14
CLX,166.0,yfinance,2024-10-14
CMCSA,114.0,yfinance,2024-10-14
CME,100.0,yfinance,2024-10-14
CMI,160.0,yfinance,2024-10-14
CMS,126.0,yfinance,2024-10-14
CNA,61.0,yfinance,2024-10-14
CNO,50.0,yfinance,2024-10-14
CNS,83.0,yfinance,2024-10-14
COP,179.0,yfinance,2024-10-14
COR,93.0,yfinance,2024-10-14
COST,87.0,yfinance,2024-10-14
CPK,148.0,yfinance,2024-10-14
CSCO,55.0,yfinance,2024-10-14
CSGS,46.0,yfinance,2024-10-14
CSL,150.0,yfinance,2024-10-14
CSX,176.0,yfinance,2024-10-14
CTRE,42.0,yfinance,2024-10-14
CUBE,79.0,yfinance,2024-10-14
CUZ,148.0,yfinance,2024-10-14
CVX,221.0,yfinance,2024-10-14
CW,152.0,yfinance,2024-10-14
CWT,151.0,yfinance,2024-10-14
DCI,152.0,yfinance,2024-10-14
DDS,155.0,yfinance,2024-10-14
DFS,68.0,yfinance,2024-10-14
DG,39.0,yfinance,2024-10-14
DGX,84.0,yfinance,2024-10-14
DHI,109.0,yfinance,2024-10-14
DHR,128.0,yfinance,2024-10-14
DKL,47.0,yfinance,2024-10-14
DKS,52.0,yfinance,2024-10-14
DLB,41.0,yfinance,2024-10-14
DOV,168.0,yfinance,2024-10-14
DOX,49.0,yfinance,2024-10-14
DPZ,58.0,yfinance,2024-10-14
DTE,252.0,yfinance,2024-10-14
DUK,166.0,yfinance,2024-10-14
ECL,153.0,yfinance,2024-10-14
ED,248.0,yfinance,2024-10-14
EFSC,79.0,yfinance,2024-10-14
EGP,151.0,yfinance,2024-10-14
EIX,191.0,yfinance,2024-10-14
ELS,127.0,yfinance,2024-10-14
ELV,55.0,yfinance,2024-10-14
EMN,124.0,yfinance,2024-10-14
EMR,209.0,yfinance,2024-10-14
ENSG,68.0,yfinance,2024-10-14
EOG,146.0,yfinance,2024-10-14
EPD,104.0,yfinance,2024-10-14
EPRT,25.0,yfinance,2024-10-14
EQH,25.0,yfinance,2024-10-14
EQIX,41.0,yfinance,2024-10-14
EQR,127.0,yfinance,2024-10-14
ERIE,117.0,yfinance,2024-10-14
ES,151.0,yfinance,2024-10-14
ESS,117.0,yfinance,2024-10-14
ETN,207.0,yfinance,2024-10-14
ETR,197.0,yfinance,2024-10-14
EVR,71.0,yfinance,2024-10-14
EVRG,153.0,yfinance,2024-10-14
EWBC,102.0,yfinance,2024-10-14
EXPD,63.0,yfinance,2024-10-14
EXPO,47.0,yfinance,2024-10-14
EXR,80.0,yfinance,2024-10-14
FAF,58.0,yfinance,2024-10-14
FANG,26.0,yfinance,2024-10-14
FAST,88.0,yfinance,2024-10-14
FCF,129.0,yfinance,2024-10-14
FCPT,36.0,yfinance,2024-10-14
FDS,104.0,yfinance,2024-10-14
FELE,138.0,yfinance,2024-10-14
FFIN,124.0,yfinance,2024-10-14
FIBK,59.0,yfinance,2024-10-14
FITB,153.0,yfinance,2024-10-14
FIX,76.0,yfinance,2024-10-14
FLO,144.0,yfinance,2024-10-14
FMC,79.0,yfinance,2024-10-14
FNF,76.0,yfinance,2024-10-14
FNV,73.0,yfinance,2024-10-14
FR,106.0,yfinance,2024-10-14
FRME,140.0,yfinance,2024-10-14
FRT,149.0,yfinance,2024-10-14
FSV,38.0,yfinance,2024-10-14
FUL,150.0,yfinance,2024-10-14
G,32.0,yfinance,2024-10-14
GATX,174.0,yfinance,2024-10-14
GD,209.0,yfinance,2024-10-14
GFF,55.0,yfinance,2024-10-14
GGG,150.0,yfinance,2024-10-14
GHC,147.0,yfinance,2024-10-14
GILD,38.0,yfinance,2024-10-14
GL,153.0,yfinance,2024-10-14
GLW,148.0,yfinance,2024-10-14
GOLF,31.0,yfinance,2024-10-14
GPC,165.0,yfinance,2024-10-14
GRMN,62.0,yfinance,2024-10-14
GS,102.0,yfinance,2024-10-14
GTY,141.0,yfinance,2024-10-14
GWW,159.0,yfinance,2024-10-14
HASI,46.0,yfinance,2024-10-14
HD,149.0,yfinance,2024-10-14
HEI,76.0,yfinance,2024-10-14
HESM,29.0,yfinance,2024-10-14
HI,66.0,yfinance,2024-10-14
HIG,115.0,yfinance,2024-10-14
HII,48.0,yfinance,2024-10-14
HLI,36.0,yfinance,2024-10-14
HLNE,30.0,yfinance,2024-10-14
HMN,131.0,yfinance,2024-10-14
HNI,135.0,yfinance,2024-10-14
HOMB,73.0,yfinance,2024-10-14
HON,250.0,yfinance,2024-10-14
HPQ,215.0,yfinance,2024-10-14
HRB,153.0,yfinance,2024-10-14
HRL,152.0,yfinance,2024-10-14
HSY,157.0,yfinance,2024-10-14
HTH,38.0,yfinance,2024-10-14
HTLF,99.0,yfinance,2024-10-14
HUBB,160.0,yfinance,2024-10-14
HUM,99.0,yfinance,2024-10-14
HWKN,80.0,yfinance,2024-10-14
IBM,249.0,yfinance,2024-10-14
IBOC,54.0,yfinance,2024-10-14
ICE,44.0,yfinance,2024-10-14
IDA,154.0,yfinance,2024-10-14
IEX,120.0,yfinance,2024-10-14
IIPR,30.0,yfinance,2024-10-14
INDB,137.0,yfinance,2024-10-14
INGR,105.0,yfinance,2024-10-14
INTU,53.0,yfinance,2024-10-14
INVH,31.0,yfinance,2024-10-14
IOSP,35.0,yfinance,2024-10-14
IPG,119.0,yfinance,2024-10-14
ITT,115.0,yfinance,2024-10-14
ITW,152.0,yfinance,2024-10-14
JBHT,136.0,yfinance,2024-10-14
JEF,67.0,yfinance,2024-10-14
JJSF,80.0,yfinance,2024-10-14
JKHY,134.0,yfinance,2024-10-14
JNJ,251.0,yfinance,2024-10-14
JPM,164.0,yfinance,2024-10-14
KAI,47.0,yfinance,2024-10-14
KEY,147.0,yfinance,2024-10-14
KFRC,45.0,yfinance,2024-10-14
KLAC,79.0,yfinance,2024-10-14
KMB,160.0,yfinance,2024-10-14
KMI,54.0,yfinance,2024-10-14
KNSL,33.0,yfinance,2024-10-14
KO,251.0,yfinance,2024-10-14
KR,177.0,yfinance,2024-10-14
KRC,110.0,yfinance,2024-10-14
KWR,151.0,yfinance,2024-10-14
LAD,80.0,yfinance,2024-10-14
LANC,152.0,yfinance,2024-10-14
LCII,39.0,yfinance,2024-10-14
LECO,113.0,yfinance,2024-10-14
LEG,151.0,yfinance,2024-10-14
LFUS,56.0,yfinance,2024-10-14
LHX,173.0,yfinance,2024-10-14
LII,101.0,yfinance,2024-10-14
LIN,129.0,yfinance,2024-10-14
LKFN,107.0,yfinance,2024-10-14
LLY,209.0,yfinance,2024-10-14
LMAT,55.0,yfinance,2024-10-14
LMT,162.0,yfinance,2024-10-14
LNN,114.0,yfinance,2024-10-14
LNT,151.0,yfinance,2024-10-14
LOGI,12.0,yfinance,2024-10-14
LOW,157.0,yfinance,2024-10-14
LPX,124.0,yfinance,2024-10-14
LRCX,42.0,yfinance,2024-10-14
LSTR,82.0,yfinance,2024-10-14
LW,31.0,yfinance,2024-10-14
LYB,53.0,yfinance,2024-10-14
MA,73.0,yfinance,2024-10-14
MAA,122.0,yfinance,2024-10-14
MAN,62.0,yfinance,2024-10-14
MAS,165.0,yfinance,2024-10-14
MATX,141.0,yfinance,2024-10-14
MBIN,28.0,yfinance,2024-10-14
MCD,171.0,yfinance,2024-10-14
MCHP,88.0,yfinance,2024-10-14
MCK,120.0,yfinance,2024-10-14
MCO,96.0,yfinance,2024-10-14
MDLZ,93.0,yfinance,2024-10-14
MDT,172.0,yfinance,2024-10-14
MET,60.0,yfinance,2024-10-14
MGA,129.0,yfinance,2024-10-14
MGEE,152.0,yfinance,2024-10-14
MGRC,134.0,yfinance,2024-10-14
MKC,152.0,yfinance,2024-10-14
MKTX,60.0,yfinance,2024-10-14
MLM,121.0,yfinance,2024-10-14
MMC,168.0,yfinance,2024-10-14
MMM,249.0,yfinance,2024-10-14
MO,252.0,yfinance,2024-10-14
MORN,56.0,yfinance,2024-10-14
MPLX,47.0,yfinance,2024-10-14
MPWR,43.0,yfinance,2024-10-14
MRK,248.0,yfinance,2024-10-14
MS,127.0,yfinance,2024-10-14
MSA,139.0,yfinance,2024-10-14
MSCI,40.0,yfinance,2024-10-14
MSEX,152.0,yfinance,2024-10-14
MSFT,83.0,yfinance,2024-10-14
MSI,241.0,yfinance,2024-10-14
MTB,151.0,yfinance,2024-10-14
MTRN,112.0,yfinance,2024-10-14
MWA,72.0,yfinance,2024-10-14
NBHC,48.0,yfinance,2024-10-14
NBTB,123.0,yfinance,2024-10-14
NDAQ,49.0,yfinance,2024-10-14
NDSN,151.0,yfinance,2024-10-14
NEE,166.0,yfinance,2024-10-14
NEP,40.0,yfinance,2024-10-14
NEU,136.0,yfinance,2024-10-14
NFG,148.0,yfinance,2024-10-14
NHC,122.0,yfinance,2024-10-14
NI,153.0,yfinance,2024-10-14
NJR,152.0,yfinance,2024-10-14
NKE,149.0,yfinance,2024-10-14
NNI,65.0,yfinance,2024-10-14
NNN,137.0,yfinance,2024-10-14
NOC,172.0,yfinance,2024-10-14
NPO,39.0,yfinance,2024-10-14
NSA,38.0,yfinance,2024-10-14
NSC,170.0,yfinance,2024-10-14
NSP,80.0,yfinance,2024-10-14
NTR,27.0,yfinance,2024-10-14
NUE,165.0,yfinance,2024-10-14
NWE,67.0,yfinance,2024-10-14
NWN,139.0,yfinance,2024-10-14
NXST,47.0,yfinance,2024-10-14
NYT,131.0,yfinance,2024-10-14
O,359.0,yfinance,2024-10-14
OC,42.0,yfinance,2024-10-14
ODFL,31.0,yfinance,2024-10-14
OGE,153.0,yfinance,2024-10-14
OGS,42.0,yfinance,2024-10-14
OLED,31.0,yfinance,2024-10-14
ORCL,62.0,yfinance,2024-10-14
ORI,155.0,yfinance,2024-10-14
OSK,127.0,yfinance,2024-10-14
OTEX,47.0,yfinance,2024-10-14
OTTR,149.0,yfinance,2024-10-14
OZK,108.0,yfinance,2024-10-14
PAYX,143.0,yfinance,2024-10-14
PB,99.0,yfinance,2024-10-14
PEBO,127.0,yfinance,2024-10-14
PEG,179.0,yfinance,2024-10-14
PEP,211.0,yfinance,2024-10-14
PFE,209.0,yfinance,2024-10-14
PFG,61.0,yfinance,2024-10-14
PG,252.0,yfinance,2024-10-14
PH,156.0,yfinance,2024-10-14
PHM,139.0,yfinance,2024-10-14
PII,143.0,yfinance,2024-10-14
PKG,84.0,yfinance,2024-10-14
PLD,107.0,yfinance,2024-10-14
PM,67.0,yfinance,2024-10-14
PNC,151.0,yfinance,2024-10-14
PNW,135.0,yfinance,2024-10-14
POOL,82.0,yfinance,2024-10-14
POR,73.0,yfinance,2024-10-14
POWI,64.0,yfinance,2024-10-14
PPG,166.0,yfinance,2024-10-14
PRGO,88.0,yfinance,2024-10-14
PRI,57.0,yfinance,2024-10-14
PRU,58.0,yfinance,2024-10-14
PSX,49.0,yfinance,2024-10-14
QCOM,88.0,yfinance,2024-10-14
QSR,39.0,yfinance,2024-10-14
R,180.0,yfinance,2024-10-14
RBA,87.0,yfinance,2024-10-14
REG,123.0,yfinance,2024-10-14
REXR,44.0,yfinance,2024-10-14
RF,154.0,yfinance,2024-10-14
RGA,65.0,yfinance,2024-10-14
RGLD,89.0,yfinance,2024-10-14
RHI,83.0,yfinance,2024-10-14
RJF,153.0,yfinance,2024-10-14
RLI,150.0,yfinance,2024-10-14
RMD,49.0,yfinance,2024-10-14
RNR,111.0,yfinance,2024-10-14
ROK,172.0,yfinance,2024-10-14
ROP,131.0,yfinance,2024-10-14
RPM,148.0,yfinance,2024-10-14
RRX,141.0,yfinance,2024-10-14
RS,120.0,yfinance,2024-10-14
RSG,85.0,yfinance,2024-10-14
RUSHA,25.0,yfinance,2024-10-14
SBUX,58.0,yfinance,2024-10-14
SCI,131.0,yfinance,2024-10-14
SCL,151.0,yfinance,2024-10-14
SEIC,70.0,yfinance,2024-10-14
SF,63.0,yfinance,2024-10-14
SFBS,42.0,yfinance,2024-10-14
SFNC,153.0,yfinance,2024-10-14
SHW,157.0,yfinance,2024-10-14
SIGI,148.0,yfinance,2024-10-14
SIRI,33.0,yfinance,2024-10-14
SJM,97.0,yfinance,2024-10-14
SJW,179.0,yfinance,2024-10-14
SLGN,82.0,yfinance,2024-10-14
SNA,157.0,yfinance,2024-10-14
SO,171.0,yfinance,2024-10-14
SON,137.0,yfinance,2024-10-14
SPGI,160.0,yfinance,2024-10-14
SR,152.0,yfinance,2024-10-14
SRE,106.0,yfinance,2024-10-14
SSB,110.0,yfinance,2024-10-14
SSD,83.0,yfinance,2024-10-14
SSNC,40.0,yfinance,2024-10-14
STAG,142.0,yfinance,2024-10-14
STBA,129.0,yfinance,2024-10-14
STE,78.0,yfinance,2024-10-14
STLD,82.0,yfinance,2024-10-14
STT,149.0,yfinance,2024-10-14
STZ,38.0,yfinance,2024-10-14
SUI,124.0,yfinance,2024-10-14
SWK,159.0,yfinance,2024-10-14
SWKS,42.0,yfinance,2024-10-14
SWX,151.0,yfinance,2024-10-14
SXI,150.0,yfinance,2024-10-14
SYBT,128.0,yfinance,2024-10-14
SYK,79.0,yfinance,2024-10-14
SYY,150.0,yfinance,2024-10-14
TCBK,126.0,yfinance,2024-10-14
TDS,152.0,yfinance,2024-10-14
TEL,68.0,yfinance,2024-10-14
TGT,166.0,yfinance,2024-10-14
THG,80.0,yfinance,2024-10-14
THO,150.0,yfinance,2024-10-14
TKR,156.0,yfinance,2024-10-14
TMO,55.0,yfinance,2024-10-14
TNC,151.0,yfinance,2024-10-14
TOWN,76.0,yfinance,2024-10-14
TPL,52.0,yfinance,2024-10-14
TR,153.0,yfinance,2024-10-14
TRI,88.0,yfinance,2024-10-14
TRN,205.0,yfinance,2024-10-14
TRNO,55.0,yfinance,2024-10-14
TROW,155.0,yfinance,2024-10-14
TRV,150.0,yfinance,2024-10-14
TSCO,59.0,yfinance,2024-10-14
TSN,144.0,yfinance,2024-10-14
TTC,150.0,yfinance,2024-10-14
TTEK,42.0,yfinance,2024-10-14
TXN,209.0,yfinance,2024-10-14
UBSI,148.0,yfinance,2024-10-14
UDR,149.0,yfinance,2024-10-14
UFPI,71.0,yfinance,2024-10-14
UGI,153.0,yfinance,2024-10-14
UMBF,148.0,yfinance,2024-10-14
UNF,152.0,yfinance,2024-10-14
UNH,79.0,yfinance,2024-10-14
UNM,154.0,yfinance,2024-10-14
UNP,179.0,yfinance,2024-10-14
UPS,100.0,yfinance,2024-10-14
USB,143.0,yfinance,2024-10-14
UVV,152.0,yfinance,2024-10-14
V,65.0,yfinance,2024-10-14
VICI,27.0,yfinance,2024-10-14
VMC,151.0,yfinance,2024-10-14
VRTS,41.0,yfinance,2024-10-14
VZ,162.0,yfinance,2024-10-14
WABC,150.0,yfinance,2024-10-14
WAFD,158.0,yfinance,2024-10-14
WCN,55.0,yfinance,2024-10-14
WD,27.0,yfinance,2024-10-14
WDFC,136.0,yfinance,2024-10-14
WEC,153.0,yfinance,2024-10-14
WGO,93.0,yfinance,2024-10-14
WING,33.0,yfinance,2024-10-14
WLK,80.0,yfinance,2024-10-14
WLY,161.0,yfinance,2024-10-14
WM,90.0,yfinance,2024-10-14
WMB,172.0,yfinance,2024-10-14
WMS,40.0,yfinance,2024-10-14
WMT,201.0,yfinance,2024-10-14
WOR,151.0,yfinance,2024-10-14
WRB,158.0,yfinance,2024-10-14
WSBC,149.0,yfinance,2024-10-14
WSFS,114.0,yfinance,2024-10-14
WSM,74.0,yfinance,2024-10-14
WSO,130.0,yfinance,2024-10-14
WST,151.0,yfinance,2024-10-14
WTFC,71.0,yfinance,2024-10-14
WTRG,151.0,yfinance,2024-10-14
WTS,137.0,yfinance,2024-10-14
XEL,159.0,yfinance,2024-10-14
XOM,250.0,yfinance,2024-10-14
XRAY,121.0,yfinance,2024-10-14
XYL,52.0,yfinance,2024-10-14
YUM,81.0,yfinance,2024-10-14
ZION,151.0,yfinance,2024-10-14
ZTS,46.0,yfinance,2024-10-14
ABR,80.0,nasdaq,2024-10-14
ABT,116.0,nasdaq,2024-10-14
ADC,146.0,nasdaq,2024-10-14
ADI,74.0,nasdaq,2024-10-14
ADM,121.0,nasdaq,2024-10-14
ADP,64.0,nasdaq,2024-10-14
AEE,104.0,nasdaq,2024-10-14
AEP,85.0,nasdaq,2024-10-14
AES,54.0,nasdaq,2024-10-14
AFG,142.0,nasdaq,2024-10-14
AFL,116.0,nasdaq,2024-10-14
AGCO,50.0,nasdaq,2024-10-14
AGM,79.0,nasdaq,2024-10-14
AGO,79.0,nasdaq,2024-10-14
AIN,101.0,nasdaq,2024-10-14
AIT,133.0,nasdaq,2024-10-14
AIZ,81.0,nasdaq,2024-10-14
AJG,116.0,nasdaq,2024-10-14
AL,47.0,nasdaq,2024-10-14
ALB,116.0,nasdaq,2024-10-14
ALE,117.0,nasdaq,2024-10-14
ALG,118.0,nasdaq,2024-10-14
ALL,115.0,nasdaq,2024-10-14
ALLE,42.0,nasdaq,2024-10-14
AMAT,46.0,nasdaq,2024-10-14
AMGN,47.0,nasdaq,2024-10-14
AMP,92.0,nasdaq,2024-10-14
AMT,56.0,nasdaq,2024-10-14
AON,116.0,nasdaq,2024-10-14
AOS,117.0,nasdaq,2024-10-14
APD,117.0,nasdaq,2024-10-14
APH,78.0,nasdaq,2024-10-14
APOG,105.0,nasdaq,2024-10-14
ARE,109.0,nasdaq,2024-10-14
ASB,116.0,nasdaq,2024-10-14
ASH,118.0,nasdaq,2024-10-14
ATO,116.0,nasdaq,2024-10-14
ATR,118.0,nasdaq,2024-10-14
AUB,98.0,nasdaq,2024-10-14
AVA,116.0,nasdaq,2024-10-14
AVGO,46.0,nasdaq,2024-10-14
AVNT,65.0,nasdaq,2024-10-14
AVT,49.0,nasdaq,2024-10-14
AVY,117.0,nasdaq,2024-10-14
AWI,27.0,nasdaq,2024-10-14
AWK,97.0,nasdaq,2024-10-14
AWR,116.0,nasdaq,2024-10-14
AXS,83.0,nasdaq,2024-10-14
AY,38.0,nasdaq,2024-10-14
BAC,78.0,nasdaq,2024-10-14
BAH,54.0,nasdaq,2024-10-14
BANF,85.0,nasdaq,2024-10-14
BAX,95.0,nasdaq,2024-10-14
BBY,86.0,nasdaq,2024-10-14
BC,82.0,nasdaq,2024-10-14
BCC,37.0,nasdaq,2024-10-14
BCPC,23.0,nasdaq,2024-10-14
BDX,116.0,nasdaq,2024-10-14
BEN,123.0,nasdaq,2024-10-14
BF/B,87.0,nasdaq,2024-10-14
BIP,67.0,nasdaq,2024-10-14
BK,120.0,nasdaq,2024-10-14
BKH,116.0,nasdaq,2024-10-14
BLK,84.0,nasdaq,2024-10-14
BMI,115.0,nasdaq,2024-10-14
BMY,45.0,nasdaq,2024-10-14
BOKF,46.0,nasdaq,2024-10-14
BPOP,96.0,nasdaq,2024-10-14
BR,112.0,nasdaq,2024-10-14
BRC,116.0,nasdaq,2024-10-14
BRO,118.0,nasdaq,2024-10-14
BWXT,36.0,nasdaq,2024-10-14
CABO,35.0,nasdaq,2024-10-14
CADE,115.0,nasdaq,2024-10-14
CAH,116.0,nasdaq,2024-10-14
CASY,100.0,nasdaq,2024-10-14
CAT,120.0,nasdaq,2024-10-14
CB,68.0,nasdaq,2024-10-14
CBOE,58.0,nasdaq,2024-10-14
CBSH,105.0,nasdaq,2024-10-14
CBT,115.0,nasdaq,2024-10-14
CBU,117.0,nasdaq,2024-10-14
CCI,57.0,nasdaq,2024-10-14
CCOI,45.0,nasdaq,2024-10-14
CDW,44.0,nasdaq,2024-10-14
CE,76.0,nasdaq,2024-10-14
CFR,115.0,nasdaq,2024-10-14
CGNX,39.0,nasdaq,2024-10-14
CHCO,99.0,nasdaq,2024-10-14
CHD,117.0,nasdaq,2024-10-14
CHDN,21.0,nasdaq,2024-10-14
CHE,117.0,nasdaq,2024-10-14
CHRW,70.0,nasdaq,2024-10-14
CINF,106.0,nasdaq,2024-10-14
CL,122.0,nasdaq,2024-10-14
CLX,116.0,nasdaq,2024-10-14
CMCSA,86.0,nasdaq,2024-10-14
CME,74.0,nasdaq,2024-10-14
CMI,131.0,nasdaq,2024-10-14
CMS,100.0,nasdaq,2024-10-14
CNA,71.0,nasdaq,2024-10-14
CNO,49.0,nasdaq,2024-10-14
CNS,93.0,nasdaq,2024-10-14
COP,163.0,nasdaq,2024-10-14
COR,4.0,nasdaq,2024-10-14
COST,49.0,nasdaq,2024-10-14
CPK,115.0,nasdaq,2024-10-14
CSCO,46.0,nasdaq,2024-10-14
CSGS,46.0,nasdaq,2024-10-14
CSL,116.0,nasdaq,2024-10-14
CSX,85.0,nasdaq,2024-10-14
CTRE,40.0,nasdaq,2024-10-14
CUBE,80.0,nasdaq,2024-10-14
CUZ,118.0,nasdaq,2024-10-14
CVX,116.0,nasdaq,2024-10-14
CW,115.0,nasdaq,2024-10-14
CWT,118.0,nasdaq,2024-10-14
DCI,113.0,nasdaq,2024-10-14
DDS,120.0,nasdaq,2024-10-14
DFS,65.0,nasdaq,2024-10-14
DG,86.0,nasdaq,2024-10-14
DGX,82.0,nasdaq,2024-10-14
DHI,109.0,nasdaq,2024-10-14
DHR,117.0,nasdaq,2024-10-14
DKL,64.0,nasdaq,2024-10-14
DKS,54.0,nasdaq,2024-10-14
DLB,40.0,nasdaq,2024-10-14
DOV,116.0,nasdaq,2024-10-14
DOX,49.0,nasdaq,2024-10-14
DPZ,58.0,nasdaq,2024-10-14
DTE,117.0,nasdaq,2024-10-14
DUK,117.0,nasdaq,2024-10-14
ECL,115.0,nasdaq,2024-10-14
ED,117.0,nasdaq,2024-10-14
EFSC,47.0,nasdaq,2024-10-14
EGP,115.0,nasdaq,2024-10-14
EIX,188.0,nasdaq,2024-10-14
ELS,117.0,nasdaq,2024-10-14
ELV,54.0,nasdaq,2024-10-14
EMN,118.0,nasdaq,2024-10-14
EMR,118.0,nasdaq,2024-10-14
ENSG,47.0,nasdaq,2024-10-14
EOG,124.0,nasdaq,2024-10-14
EPD,103.0,nasdaq,2024-10-14
EPRT,9.0,nasdaq,2024-10-14
EQH,25.0,nasdaq,2024-10-14
EQIX,41.0,nasdaq,2024-10-14
EQR,118.0,nasdaq,2024-10-14
ERIE,76.0,nasdaq,2024-10-14
ES,48.0,nasdaq,2024-10-14
ESS,115.0,nasdaq,2024-10-14
ETN,117.0,nasdaq,2024-10-14
ETR,117.0,nasdaq,2024-10-14
EVR,81.0,nasdaq,2024-10-14
EVRG,25.0,nasdaq,2024-10-14
EWBC,64.0,nasdaq,2024-10-14
EXPD,3.0,nasdaq,2024-10-14
EXPO,45.0,nasdaq,2024-10-14
EXR,81.0,nasdaq,2024-10-14
FAF,70.0,nasdaq,2024-10-14
FANG,26.0,nasdaq,2024-10-14
FAST,62.0,nasdaq,2024-10-14
FCF,118.0,nasdaq,2024-10-14
FCPT,36.0,nasdaq,2024-10-14
FDS,101.0,nasdaq,2024-10-14
FELE,91.0,nasdaq,2024-10-14
FFIN,85.0,nasdaq,2024-10-14
FIBK,46.0,nasdaq,2024-10-14
FITB,105.0,nasdaq,2024-10-14
FIX,75.0,nasdaq,2024-10-14
FLO,108.0,nasdaq,2024-10-14
FMC,76.0,nasdaq,2024-10-14
FNF,41.0,nasdaq,2024-10-14
FNV,71.0,nasdaq,2024-10-14
FR,101.0,nasdaq,2024-10-14
FRME,101.0,nasdaq,2024-10-14
FRT,120.0,nasdaq,2024-10-14
FSV,38.0,nasdaq,2024-10-14
FUL,117.0,nasdaq,2024-10-14
G,72.0,nasdaq,2024-10-14
GATX,116.0,nasdaq,2024-10-14
GD,117.0,nasdaq,2024-10-14
GFF,54.0,nasdaq,2024-10-14
GGG,115.0,nasdaq,2024-10-14
GHC,113.0,nasdaq,2024-10-14
GILD,38.0,nasdaq,2024-10-14
GL,115.0,nasdaq,2024-10-14
GLW,94.0,nasdaq,2024-10-14
GOLF,30.0,nasdaq,2024-10-14
GPC,114.0,nasdaq,2024-10-14
GRMN,70.0,nasdaq,2024-10-14
GS,100.0,nasdaq,2024-10-14
GTY,118.0,nasdaq,2024-10-14
GWW,116.0,nasdaq,2024-10-14
HASI,46.0,nasdaq,2024-10-14
HD,115.0,nasdaq,2024-10-14
HEI,63.0,nasdaq,2024-10-14
HESM,30.0,nasdaq,2024-10-14
HI,97.0,nasdaq,2024-10-14
HIG,111.0,nasdaq,2024-10-14
HII,47.0,nasdaq,2024-10-14
HLI,35.0,nasdaq,2024-10-14
HLNE,30.0,nasdaq,2024-10-14
HMN,116.0,nasdaq,2024-10-14
HNI,114.0,nasdaq,2024-10-14
HOMB,74.0,nasdaq,2024-10-14
HON,87.0,nasdaq,2024-10-14
HPQ,37.0,nasdaq,2024-10-14
HRB,115.0,nasdaq,2024-10-14
HRL,117.0,nasdaq,2024-10-14
HSY,116.0,nasdaq,2024-10-14
HTH,38.0,nasdaq,2024-10-14
HTLF,63.0,nasdaq,2024-10-14
HUBB,37.0,nasdaq,2024-10-14
HUM,53.0,nasdaq,2024-10-14
HWKN,60.0,nasdaq,2024-10-14
IBM,117.0,nasdaq,2024-10-14
IBOC,35.0,nasdaq,2024-10-14
ICE,47.0,nasdaq,2024-10-14
IDA,115.0,nasdaq,2024-10-14
IEX,120.0,nasdaq,2024-10-14
IIPR,21.0,nasdaq,2024-10-14
INDB,87.0,nasdaq,2024-10-14
INGR,101.0,nasdaq,2024-10-14
INTU,45.0,nasdaq,2024-10-14
INVH,32.0,nasdaq,2024-10-14
IOSP,25.0,nasdaq,2024-10-14
IPG,85.0,nasdaq,2024-10-14
ITT,51.0,nasdaq,2024-10-14
ITW,116.0,nasdaq,2024-10-14
JBHT,91.0,nasdaq,2024-10-14
JEF,65.0,nasdaq,2024-10-14
JJSF,47.0,nasdaq,2024-10-14
JKHY,97.0,nasdaq,2024-10-14
JNJ,115.0,nasdaq,2024-10-14
JPM,138.0,nasdaq,2024-10-14
KAI,47.0,nasdaq,2024-10-14
KEY,116.0,nasdaq,2024-10-14
KFRC,9.0,nasdaq,2024-10-14
KLAC,46.0,nasdaq,2024-10-14
KMB,114.0,nasdaq,2024-10-14
KMI,54.0,nasdaq,2024-10-14
KNSL,32.0,nasdaq,2024-10-14
KO,118.0,nasdaq,2024-10-14
KR,75.0,nasdaq,2024-10-14
KRC,110.0,nasdaq,2024-10-14
KWR,117.0,nasdaq,2024-10-14
LAD,80.0,nasdaq,2024-10-14
LANC,104.0,nasdaq,2024-10-14
LCII,38.0,nasdaq,2024-10-14
LECO,77.0,nasdaq,2024-10-14
LEG,116.0,nasdaq,2024-10-14
LFUS,45.0,nasdaq,2024-10-14
LHX,116.0,nasdaq,2024-10-14
LII,100.0,nasdaq,2024-10-14
LIN,7.0,nasdaq,2024-10-14
LKFN,68.0,nasdaq,2024-10-14
LLY,115.0,nasdaq,2024-10-14
LMAT,45.0,nasdaq,2024-10-14
LMT,119.0,nasdaq,2024-10-14
LNN,113.0,nasdaq,2024-10-14
LNT,85.0,nasdaq,2024-10-14
LOGI,12.0,nasdaq,2024-10-14
LOW,119.0,nasdaq,2024-10-14
LPX,70.0,nasdaq,2024-10-14
LRCX,42.0,nasdaq,2024-10-14
LSTR,51.0,nasdaq,2024-10-14
LW,32.0,nasdaq,2024-10-14
LYB,56.0,nasdaq,2024-10-14
MA,73.0,nasdaq,2024-10-14
MAA,118.0,nasdaq,2024-10-14
MAN,59.0,nasdaq,2024-10-14
MAS,116.0,nasdaq,2024-10-14
MATX,49.0,nasdaq,2024-10-14
MBIN,28.0,nasdaq,2024-10-14
MCD,125.0,nasdaq,2024-10-14
MCHP,49.0,nasdaq,2024-10-14
MCK,147.0,nasdaq,2024-10-14
MCO,115.0,nasdaq,2024-10-14
MDLZ,79.0,nasdaq,2024-10-14
MDT,117.0,nasdaq,2024-10-14
MET,65.0,nasdaq,2024-10-14
MGA,96.0,nasdaq,2024-10-14
MGEE,104.0,nasdaq,2024-10-14
MGRC,99.0,nasdaq,2024-10-14
MKC,117.0,nasdaq,2024-10-14
MKTX,46.0,nasdaq,2024-10-14
MLM,117.0,nasdaq,2024-10-14
MMC,116.0,nasdaq,2024-10-14
MMM,117.0,nasdaq,2024-10-14
MO,115.0,nasdaq,2024-10-14
MORN,45.0,nasdaq,2024-10-14
MPLX,48.0,nasdaq,2024-10-14
MPWR,42.0,nasdaq,2024-10-14
MRK,116.0,nasdaq,2024-10-14
MS,119.0,nasdaq,2024-10-14
MSA,131.0,nasdaq,2024-10-14
MSCI,40.0,nasdaq,2024-10-14
MSEX,106.0,nasdaq,2024-10-14
MSFT,47.0,nasdaq,2024-10-14
MSI,52.0,nasdaq,2024-10-14
MTB,125.0,nasdaq,2024-10-14
MTRN,54.0,nasdaq,2024-10-14
MWA,72.0,nasdaq,2024-10-14
NBHC,47.0,nasdaq,2024-10-14
NBTB,91.0,nasdaq,2024-10-14
NDAQ,45.0,nasdaq,2024-10-14
NDSN,105.0,nasdaq,2024-10-14
NEE,114.0,nasdaq,2024-10-14
NEP,40.0,nasdaq,2024-10-14
NEU,91.0,nasdaq,2024-10-14
NFG,115.0,nasdaq,2024-10-14
NHC,97.0,nasdaq,2024-10-14
NI,118.0,nasdaq,2024-10-14
NJR,119.0,nasdaq,2024-10-14
NKE,115.0,nasdaq,2024-10-14
NNI,66.0,nasdaq,2024-10-14
NNN,115.0,nasdaq,2024-10-14
NOC,116.0,nasdaq,2024-10-14
NPO,38.0,nasdaq,2024-10-14
NSA,38.0,nasdaq,2024-10-14
NSC,116.0,nasdaq,2024-10-14
NSP,104.0,nasdaq,2024-10-14
NTR,27.0,nasdaq,2024-10-14
NUE,128.0,nasdaq,2024-10-14
NWE,66.0,nasdaq,2024-10-14
NWN,120.0,nasdaq,2024-10-14
NXST,45.0,nasdaq,2024-10-14
NYT,99.0,nasdaq,2024-10-14
O,351.0,nasdaq,2024-10-14
OC,61.0,nasdaq,2024-10-14
ODFL,31.0,nasdaq,2024-10-14
OGE,116.0,nasdaq,2024-10-14
OGS,41.0,nasdaq,2024-10-14
OLED,31.0,nasdaq,2024-10-14
ORCL,62.0,nasdaq,2024-10-14
ORI,125.0,nasdaq,2024-10-14
OSK,98.0,nasdaq,2024-10-14
OTEX,45.0,nasdaq,2024-10-14
OTTR,104.0,nasdaq,2024-10-14
OZK,70.0,nasdaq,2024-10-14
PAYX,105.0,nasdaq,2024-10-14
PB,136.0,nasdaq,2024-10-14
PEBO,88.0,nasdaq,2024-10-14
PEG,146.0,nasdaq,2024-10-14
PEP,84.0,nasdaq,2024-10-14
PFE,150.0,nasdaq,2024-10-14
PFG,59.0,nasdaq,2024-10-14
PG,149.0,nasdaq,2024-10-14
PH,117.0,nasdaq,2024-10-14
PHM,100.0,nasdaq,2024-10-14
PII,117.0,nasdaq,2024-10-14
PKG,81.0,nasdaq,2024-10-14
PLD,147.0,nasdaq,2024-10-14
PM,65.0,nasdaq,2024-10-14
PNC,119.0,nasdaq,2024-10-14
PNW,120.0,nasdaq,2024-10-14
POOL,45.0,nasdaq,2024-10-14
POR,80.0,nasdaq,2024-10-14
POWI,46.0,nasdaq,2024-10-14
PPG,148.0,nasdaq,2024-10-14
PRGO,85.0,nasdaq,2024-10-14
PRI,75.0,nasdaq,2024-10-14
PRU,57.0,nasdaq,2024-10-14
PSX,49.0,nasdaq,2024-10-14
QCOM,48.0,nasdaq,2024-10-14
QSR,39.0,nasdaq,2024-10-14
R,116.0,nasdaq,2024-10-14
RBA,85.0,nasdaq,2024-10-14
REG,86.0,nasdaq,2024-10-14
REXR,44.0,nasdaq,2024-10-14
RF,118.0,nasdaq,2024-10-14
RGA,115.0,nasdaq,2024-10-14
RGLD,50.0,nasdaq,2024-10-14
RHI,81.0,nasdaq,2024-10-14
RJF,116.0,nasdaq,2024-10-14
RLI,132.0,nasdaq,2024-10-14
RMD,49.0,nasdaq,2024-10-14
RNR,114.0,nasdaq,2024-10-14
ROK,117.0,nasdaq,2024-10-14
ROP,86.0,nasdaq,2024-10-14
RPM,118.0,nasdaq,2024-10-14
RRX,118.0,nasdaq,2024-10-14
RS,118.0,nasdaq,2024-10-14
RSG,83.0,nasdaq,2024-10-14
RUSHA,25.0,nasdaq,2024-10-14
SBUX,45.0,nasdaq,2024-10-14
SCI,97.0,nasdaq,2024-10-14
SCL,118.0,nasdaq,2024-10-14
SEIC,53.0,nasdaq,2024-10-14
SF,57.0,nasdaq,2024-10-14
SFBS,41.0,nasdaq,2024-10-14
SFNC,107.0,nasdaq,2024-10-14
SHW,117.0,nasdaq,2024-10-14
SIGI,104.0,nasdaq,2024-10-14
SIRI,33.0,nasdaq,2024-10-14
SJM,94.0,nasdaq,2024-10-14
SJW,118.0,nasdaq,2024-10-14
SLGN,80.0,nasdaq,2024-10-14
SNA,116.0,nasdaq,2024-10-14
SO,114.0,nasdaq,2024-10-14
SON,117.0,nasdaq,2024-10-14
SPGI,150.0,nasdaq,2024-10-14
SR,114.0,nasdaq,2024-10-14
SRE,103.0,nasdaq,2024-10-14
SSB,9.0,nasdaq,2024-10-14
SSD,82.0,nasdaq,2024-10-14
SSNC,40.0,nasdaq,2024-10-14
STAG,143.0,nasdaq,2024-10-14
STBA,89.0,nasdaq,2024-10-14
STE,80.0,nasdaq,2024-10-14
STLD,47.0,nasdaq,2024-10-14
STT,118.0,nasdaq,2024-10-14
STZ,39.0,nasdaq,2024-10-14
SUI,117.0,nasdaq,2024-10-14
SWK,116.0,nasdaq,2024-10-14
SWKS,42.0,nasdaq,2024-10-14
SWX,116.0,nasdaq,2024-10-14
SXI,117.0,nasdaq,2024-10-14
SYBT,77.0,nasdaq,2024-10-14
SYK,77.0,nasdaq,2024-10-14
SYY,114.0,nasdaq,2024-10-14
TCBK,87.0,nasdaq,2024-10-14
TDS,117.0,nasdaq,2024-10-14
TEL,70.0,nasdaq,2024-10-14
TGT,119.0,nasdaq,2024-10-14
THG,80.0,nasdaq,2024-10-14
THO,124.0,nasdaq,2024-10-14
TKR,116.0,nasdaq,2024-10-14
TMO,52.0,nasdaq,2024-10-14
TNC,116.0,nasdaq,2024-10-14
TOWN,47.0,nasdaq,2024-10-14
TPL,45.0,nasdaq,2024-10-14
TR,124.0,nasdaq,2024-10-14
TRI,139.0,nasdaq,2024-10-14
TRN,117.0,nasdaq,2024-10-14
TRNO,55.0,nasdaq,2024-10-14
TROW,105.0,nasdaq,2024-10-14
TRV,132.0,nasdaq,2024-10-14
TSCO,46.0,nasdaq,2024-10-14
TSN,116.0,nasdaq,2024-10-14
TTC,117.0,nasdaq,2024-10-14
TTEK,42.0,nasdaq,2024-10-14
TXN,79.0,nasdaq,2024-10-14
UBSI,104.0,nasdaq,2024-10-14
UDR,118.0,nasdaq,2024-10-14
UFPI,52.0,nasdaq,2024-10-14
UGI,116.0,nasdaq,2024-10-14
UMBF,104.0,nasdaq,2024-10-14
UNF,127.0,nasdaq,2024-10-14
UNH,76.0,nasdaq,2024-10-14
UNM,115.0,nasdaq,2024-10-14
UNP,116.0,nasdaq,2024-10-14
UPS,98.0,nasdaq,2024-10-14
USB,117.0,nasdaq,2024-10-14
UVV,117.0,nasdaq,2024-10-14
V,78.0,nasdaq,2024-10-14
VICI,26.0,nasdaq,2024-10-14
VMC,115.0,nasdaq,2024-10-14
VRTS,9.0,nasdaq,2024-10-14
VZ,117.0,nasdaq,2024-10-14
WABC,81.0,nasdaq,2024-10-14
WAFD,104.0,nasdaq,2024-10-14
WCN,56.0,nasdaq,2024-10-14
WD,26.0,nasdaq,2024-10-14
WDFC,105.0,nasdaq,2024-10-14
WEC,118.0,nasdaq,2024-10-14
WGO,79.0,nasdaq,2024-10-14
WING,33.0,nasdaq,2024-10-14
WLK,78.0,nasdaq,2024-10-14
WLY,71.0,nasdaq,2024-10-14
WM,121.0,nasdaq,2024-10-14
WMB,115.0,nasdaq,2024-10-14
WMS,40.0,nasdaq,2024-10-14
WMT,119.0,nasdaq,2024-10-14
WOR,119.0,nasdaq,2024-10-14
WRB,135.0,nasdaq,2024-10-14
WSBC,104.0,nasdaq,2024-10-14
WSFS,72.0,nasdaq,2024-10-14
WSM,75.0,nasdaq,2024-10-14
WSO,118.0,nasdaq,2024-10-14
WST,117.0,nasdaq,2024-10-14
WTFC,51.0,nasdaq,2024-10-14
WTRG,135.0,nasdaq,2024-10-14
WTS,116.0,nasdaq,2024-10-14
XEL,86.0,nasdaq,2024-10-14
XOM,118.0,nasdaq,2024-10-14
XRAY,80.0,nasdaq,2024-10-14
XYL,51.0,nasdaq,2024-10-14
YUM,78.0,nasdaq,2024-10-14
ZION,103.0,nasdaq,2024-10-14
ZTS,47.0,nasdaq,2024-10-14
ABR,69.0,seekingalpha,2024-10-14
ABT,142.0,seekingalpha,2024-10-14
ADC,155.0,seekingalpha,2024-10-14
ADI,85.0,seekingalpha,2024-10-14
ADM,141.0,seekingalpha,2024-10-14
ADP,141.0,seekingalpha,2024-10-14
AEE,107.0,seekingalpha,2024-10-14
AEP,141.0,seekingalpha,2024-10-14
AES,54.0,seekingalpha,2024-10-14
AFG,131.0,seekingalpha,2024-10-14
AFL,131.0,seekingalpha,2024-10-14
AGCO,85.0,seekingalpha,2024-10-14
AGM,80.0,seekingalpha,2024-10-14
AGO,79.0,seekingalpha,2024-10-14
AIN,127.0,seekingalpha,2024-10-14
AIT,111.0,seekingalpha,2024-10-14
AIZ,82.0,seekingalpha,2024-10-14
AJG,141.0,seekingalpha,2024-10-14
AL,47.0,seekingalpha,2024-10-14
ALB,123.0,seekingalpha,2024-10-14
ALE,96.0,seekingalpha,2024-10-14
ALG,127.0,seekingalpha,2024-10-14
ALL,126.0,seekingalpha,2024-10-14
ALLE,43.0,seekingalpha,2024-10-14
AMAT,79.0,seekingalpha,2024-10-14
AMGN,53.0,seekingalpha,2024-10-14
AMP,76.0,seekingalpha,2024-10-14
AMT,52.0,seekingalpha,2024-10-14
AON,140.0,seekingalpha,2024-10-14
AOS,143.0,seekingalpha,2024-10-14
APD,141.0,seekingalpha,2024-10-14
APH,79.0,seekingalpha,2024-10-14
APOG,142.0,seekingalpha,2024-10-14
ARE,110.0,seekingalpha,2024-10-14
ASB,141.0,seekingalpha,2024-10-14
ASH,120.0,seekingalpha,2024-10-14
ATO,141.0,seekingalpha,2024-10-14
ATR,126.0,seekingalpha,2024-10-14
AUB,99.0,seekingalpha,2024-10-14
AVA,103.0,seekingalpha,2024-10-14
AVGO,56.0,seekingalpha,2024-10-14
AVNT,65.0,seekingalpha,2024-10-14
AVT,95.0,seekingalpha,2024-10-14
AVY,136.0,seekingalpha,2024-10-14
AWI,27.0,seekingalpha,2024-10-14
AWK,65.0,seekingalpha,2024-10-14
AWR,105.0,seekingalpha,2024-10-14
AXS,83.0,seekingalpha,2024-10-14
AY,38.0,seekingalpha,2024-10-14
BAC,123.0,seekingalpha,2024-10-14
BAH,56.0,seekingalpha,2024-10-14
BANF,126.0,seekingalpha,2024-10-14
BAX,120.0,seekingalpha,2024-10-14
BBY,87.0,seekingalpha,2024-10-14
BC,105.0,seekingalpha,2024-10-14
BCC,38.0,seekingalpha,2024-10-14
BCPC,38.0,seekingalpha,2024-10-14
BDX,141.0,seekingalpha,2024-10-14
BEN,148.0,seekingalpha,2024-10-14
BF/B,147.0,seekingalpha,2024-10-14
BIP,67.0,seekingalpha,2024-10-14
BK,101.0,seekingalpha,2024-10-14
BKH,141.0,seekingalpha,2024-10-14
BLK,85.0,seekingalpha,2024-10-14
BMI,141.0,seekingalpha,2024-10-14
BMY,140.0,seekingalpha,2024-10-14
BOKF,79.0,seekingalpha,2024-10-14
BPOP,85.0,seekingalpha,2024-10-14
BR,70.0,seekingalpha,2024-10-14
BRC,142.0,seekingalpha,2024-10-14
BRO,125.0,seekingalpha,2024-10-14
BWXT,48.0,seekingalpha,2024-10-14
CABO,36.0,seekingalpha,2024-10-14
CADE,129.0,seekingalpha,2024-10-14
CAH,123.0,seekingalpha,2024-10-14
CASY,138.0,seekingalpha,2024-10-14
CAT,142.0,seekingalpha,2024-10-14
CB,116.0,seekingalpha,2024-10-14
CBOE,59.0,seekingalpha,2024-10-14
CBSH,142.0,seekingalpha,2024-10-14
CBT,141.0,seekingalpha,2024-10-14
CBU,141.0,seekingalpha,2024-10-14
CCI,43.0,seekingalpha,2024-10-14
CCOI,53.0,seekingalpha,2024-10-14
CDW,44.0,seekingalpha,2024-10-14
CE,77.0,seekingalpha,2024-10-14
CFR,134.0,seekingalpha,2024-10-14
CGNX,79.0,seekingalpha,2024-10-14
CHCO,135.0,seekingalpha,2024-10-14
CHD,141.0,seekingalpha,2024-10-14
CHDN,31.0,seekingalpha,2024-10-14
CHE,141.0,seekingalpha,2024-10-14
CHRW,108.0,seekingalpha,2024-10-14
CINF,143.0,seekingalpha,2024-10-14
CL,142.0,seekingalpha,2024-10-14
CLX,142.0,seekingalpha,2024-10-14
CMCSA,107.0,seekingalpha,2024-10-14
CME,101.0,seekingalpha,2024-10-14
CMI,141.0,seekingalpha,2024-10-14
CMS,123.0,seekingalpha,2024-10-14
CNA,72.0,seekingalpha,2024-10-14
CNO,50.0,seekingalpha,2024-10-14
CNS,93.0,seekingalpha,2024-10-14
COP,149.0,seekingalpha,2024-10-14
COR,92.0,seekingalpha,2024-10-14
COST,87.0,seekingalpha,2024-10-14
CPK,142.0,seekingalpha,2024-10-14
CSCO,55.0,seekingalpha,2024-10-14
CSGS,46.0,seekingalpha,2024-10-14
CSL,141.0,seekingalpha,2024-10-14
CSX,142.0,seekingalpha,2024-10-14
CTRE,48.0,seekingalpha,2024-10-14
CUBE,80.0,seekingalpha,2024-10-14
CUZ,144.0,seekingalpha,2024-10-14
CVX,141.0,seekingalpha,2024-10-14
CW,142.0,seekingalpha,2024-10-14
CWT,107.0,seekingalpha,2024-10-14
DCI,141.0,seekingalpha,2024-10-14
DDS,114.0,seekingalpha,2024-10-14
DFS,68.0,seekingalpha,2024-10-14
DG,39.0,seekingalpha,2024-10-14
DGX,84.0,seekingalpha,2024-10-14
DHI,108.0,seekingalpha,2024-10-14
DHR,127.0,seekingalpha,2024-10-14
DKL,47.0,seekingalpha,2024-10-14
DKS,54.0,seekingalpha,2024-10-14
DLB,41.0,seekingalpha,2024-10-14
DOV,141.0,seekingalpha,2024-10-14
DOX,48.0,seekingalpha,2024-10-14
DPZ,59.0,seekingalpha,2024-10-14
DTE,115.0,seekingalpha,2024-10-14
DUK,77.0,seekingalpha,2024-10-14
ECL,141.0,seekingalpha,2024-10-14
ED,107.0,seekingalpha,2024-10-14
EFSC,114.0,seekingalpha,2024-10-14
EGP,110.0,seekingalpha,2024-10-14
EIX,103.0,seekingalpha,2024-10-14
ELS,127.0,seekingalpha,2024-10-14
ELV,55.0,seekingalpha,2024-10-14
EMN,124.0,seekingalpha,2024-10-14
EMR,141.0,seekingalpha,2024-10-14
ENSG,69.0,seekingalpha,2024-10-14
EOG,109.0,seekingalpha,2024-10-14
EPD,105.0,seekingalpha,2024-10-14
EPRT,25.0,seekingalpha,2024-10-14
EQH,25.0,seekingalpha,2024-10-14
EQIX,41.0,seekingalpha,2024-10-14
EQR,127.0,seekingalpha,2024-10-14
ERIE,119.0,seekingalpha,2024-10-14
ES,131.0,seekingalpha,2024-10-14
ESS,122.0,seekingalpha,2024-10-14
ETN,143.0,seekingalpha,2024-10-14
ETR,123.0,seekingalpha,2024-10-14
EVR,71.0,seekingalpha,2024-10-14
EVRG,130.0,seekingalpha,2024-10-14
EWBC,102.0,seekingalpha,2024-10-14
EXPD,63.0,seekingalpha,2024-10-14
EXPO,47.0,seekingalpha,2024-10-14
EXR,80.0,seekingalpha,2024-10-14
FAF,58.0,seekingalpha,2024-10-14
FANG,34.0,seekingalpha,2024-10-14
FAST,89.0,seekingalpha,2024-10-14
FCF,126.0,seekingalpha,2024-10-14
FCPT,36.0,seekingalpha,2024-10-14
FDS,103.0,seekingalpha,2024-10-14
FELE,137.0,seekingalpha,2024-10-14
FFIN,124.0,seekingalpha,2024-10-14
FIBK,59.0,seekingalpha,2024-10-14
FITB,142.0,seekingalpha,2024-10-14
FIX,76.0,seekingalpha,2024-10-14
FLO,88.0,seekingalpha,2024-10-14
FMC,75.0,seekingalpha,2024-10-14
FNF,76.0,seekingalpha,2024-10-14
FNV,93.0,seekingalpha,2024-10-14
FR,105.0,seekingalpha,2024-10-14
FRME,135.0,seekingalpha,2024-10-14
FRT,144.0,seekingalpha,2024-10-14
FSV,38.0,seekingalpha,2024-10-14
FUL,141.0,seekingalpha,2024-10-14
G,30.0,seekingalpha,2024-10-14
GATX,141.0,seekingalpha,2024-10-14
GD,145.0,seekingalpha,2024-10-14
GFF,55.0,seekingalpha,2024-10-14
GGG,143.0,seekingalpha,2024-10-14
GHC,139.0,seekingalpha,2024-10-14
GILD,38.0,seekingalpha,2024-10-14
GL,140.0,seekingalpha,2024-10-14
GLW,117.0,seekingalpha,2024-10-14
GOLF,31.0,seekingalpha,2024-10-14
GPC,141.0,seekingalpha,2024-10-14
GRMN,68.0,seekingalpha,2024-10-14
GS,101.0,seekingalpha,2024-10-14
GTY,110.0,seekingalpha,2024-10-14
GWW,141.0,seekingalpha,2024-10-14
HASI,46.0,seekingalpha,2024-10-14
HD,141.0,seekingalpha,2024-10-14
HEI,65.0,seekingalpha,2024-10-14
HESM,29.0,seekingalpha,2024-10-14
HI,66.0,seekingalpha,2024-10-14
HIG,110.0,seekingalpha,2024-10-14
HII,48.0,seekingalpha,2024-10-14
HLI,36.0,seekingalpha,2024-10-14
HLNE,30.0,seekingalpha,2024-10-14
HMN,131.0,seekingalpha,2024-10-14
HNI,141.0,seekingalpha,2024-10-14
HOMB,74.0,seekingalpha,2024-10-14
HON,103.0,seekingalpha,2024-10-14
HPQ,141.0,seekingalpha,2024-10-14
HRB,142.0,seekingalpha,2024-10-14
HRL,142.0,seekingalpha,2024-10-14
HSY,141.0,seekingalpha,2024-10-14
HTH,38.0,seekingalpha,2024-10-14
HTLF,124.0,seekingalpha,2024-10-14
HUBB,142.0,seekingalpha,2024-10-14
HUM,69.0,seekingalpha,2024-10-14
HWKN,85.0,seekingalpha,2024-10-14
IBM,141.0,seekingalpha,2024-10-14
IBOC,57.0,seekingalpha,2024-10-14
ICE,45.0,seekingalpha,2024-10-14
IDA,104.0,seekingalpha,2024-10-14
IEX,119.0,seekingalpha,2024-10-14
IIPR,30.0,seekingalpha,2024-10-14
INDB,131.0,seekingalpha,2024-10-14
INGR,104.0,seekingalpha,2024-10-14
INTU,53.0,seekingalpha,2024-10-14
INVH,31.0,seekingalpha,2024-10-14
IOSP,36.0,seekingalpha,2024-10-14
IPG,109.0,seekingalpha,2024-10-14
ITT,115.0,seekingalpha,2024-10-14
ITW,141.0,seekingalpha,2024-10-14
JBHT,125.0,seekingalpha,2024-10-14
JEF,67.0,seekingalpha,2024-10-14
JJSF,80.0,seekingalpha,2024-10-14
JKHY,135.0,seekingalpha,2024-10-14
JNJ,141.0,seekingalpha,2024-10-14
JPM,114.0,seekingalpha,2024-10-14
KAI,47.0,seekingalpha,2024-10-14
KEY,122.0,seekingalpha,2024-10-14
KFRC,1.0,seekingalpha,2024-10-14
KLAC,79.0,seekingalpha,2024-10-14
KMB,141.0,seekingalpha,2024-10-14
KMI,54.0,seekingalpha,2024-10-14
KNSL,33.0,seekingalpha,2024-10-14
KO,141.0,seekingalpha,2024-10-14
KR,86.0,seekingalpha,2024-10-14
KRC,112.0,seekingalpha,2024-10-14
KWR,141.0,seekingalpha,2024-10-14
LAD,80.0,seekingalpha,2024-10-14
LANC,145.0,seekingalpha,2024-10-14
LCII,39.0,seekingalpha,2024-10-14
LECO,107.0,seekingalpha,2024-10-14
LEG,141.0,seekingalpha,2024-10-14
LFUS,56.0,seekingalpha,2024-10-14
LHX,142.0,seekingalpha,2024-10-14
LII,101.0,seekingalpha,2024-10-14
LIN,130.0,seekingalpha,2024-10-14
LKFN,119.0,seekingalpha,2024-10-14
LLY,141.0,seekingalpha,2024-10-14
LMAT,55.0,seekingalpha,2024-10-14
LMT,120.0,seekingalpha,2024-10-14
LNN,115.0,seekingalpha,2024-10-14
LNT,102.0,seekingalpha,2024-10-14
LOGI,13.0,seekingalpha,2024-10-14
LOW,143.0,seekingalpha,2024-10-14
LPX,94.0,seekingalpha,2024-10-14
LRCX,42.0,seekingalpha,2024-10-14
LSTR,82.0,seekingalpha,2024-10-14
LW,32.0,seekingalpha,2024-10-14
LYB,55.0,seekingalpha,2024-10-14
MA,73.0,seekingalpha,2024-10-14
MAA,125.0,seekingalpha,2024-10-14
MAN,61.0,seekingalpha,2024-10-14
MAS,141.0,seekingalpha,2024-10-14
MATX,141.0,seekingalpha,2024-10-14
MBIN,28.0,seekingalpha,2024-10-14
MCD,118.0,seekingalpha,2024-10-14
MCHP,88.0,seekingalpha,2024-10-14
MCK,103.0,seekingalpha,2024-10-14
MCO,96.0,seekingalpha,2024-10-14
MDLZ,93.0,seekingalpha,2024-10-14
MDT,143.0,seekingalpha,2024-10-14
MET,61.0,seekingalpha,2024-10-14
MGA,140.0,seekingalpha,2024-10-14
MGEE,142.0,seekingalpha,2024-10-14
MGRC,138.0,seekingalpha,2024-10-14
MKC,142.0,seekingalpha,2024-10-14
MKTX,61.0,seekingalpha,2024-10-14
MLM,121.0,seekingalpha,2024-10-14
MMC,141.0,seekingalpha,2024-10-14
MMM,141.0,seekingalpha,2024-10-14
MO,143.0,seekingalpha,2024-10-14
MORN,56.0,seekingalpha,2024-10-14
MPLX,48.0,seekingalpha,2024-10-14
MPWR,43.0,seekingalpha,2024-10-14
MRK,141.0,seekingalpha,2024-10-14
MS,110.0,seekingalpha,2024-10-14
MSA,143.0,seekingalpha,2024-10-14
MSCI,40.0,seekingalpha,2024-10-14
MSEX,141.0,seekingalpha,2024-10-14
MSFT,85.0,seekingalpha,2024-10-14
MSI,131.0,seekingalpha,2024-10-14
MTB,142.0,seekingalpha,2024-10-14
MTRN,99.0,seekingalpha,2024-10-14
MWA,73.0,seekingalpha,2024-10-14
NBHC,48.0,seekingalpha,2024-10-14
NBTB,133.0,seekingalpha,2024-10-14
NDAQ,50.0,seekingalpha,2024-10-14
NDSN,141.0,seekingalpha,2024-10-14
NEE,141.0,seekingalpha,2024-10-14
NEP,40.0,seekingalpha,2024-10-14
NEU,121.0,seekingalpha,2024-10-14
NFG,142.0,seekingalpha,2024-10-14
NHC,85.0,seekingalpha,2024-10-14
NI,119.0,seekingalpha,2024-10-14
NJR,141.0,seekingalpha,2024-10-14
NKE,141.0,seekingalpha,2024-10-14
NNI,67.0,seekingalpha,2024-10-14
NNN,125.0,seekingalpha,2024-10-14
NOC,141.0,seekingalpha,2024-10-14
NPO,39.0,seekingalpha,2024-10-14
NSA,38.0,seekingalpha,2024-10-14
NSC,141.0,seekingalpha,2024-10-14
NSP,83.0,seekingalpha,2024-10-14
NTR,27.0,seekingalpha,2024-10-14
NUE,157.0,seekingalpha,2024-10-14
NWE,79.0,seekingalpha,2024-10-14
NWN,143.0,seekingalpha,2024-10-14
NXST,47.0,seekingalpha,2024-10-14
NYT,123.0,seekingalpha,2024-10-14
O,361.0,seekingalpha,2024-10-14
OC,43.0,seekingalpha,2024-10-14
ODFL,31.0,seekingalpha,2024-10-14
OGE,110.0,seekingalpha,2024-10-14
OGS,42.0,seekingalpha,2024-10-14
OLED,31.0,seekingalpha,2024-10-14
ORCL,62.0,seekingalpha,2024-10-14
ORI,149.0,seekingalpha,2024-10-14
OSK,123.0,seekingalpha,2024-10-14
OTEX,47.0,seekingalpha,2024-10-14
OTTR,141.0,seekingalpha,2024-10-14
OZK,109.0,seekingalpha,2024-10-14
PAYX,141.0,seekingalpha,2024-10-14
PB,115.0,seekingalpha,2024-10-14
PEBO,126.0,seekingalpha,2024-10-14
PEG,141.0,seekingalpha,2024-10-14
PEP,142.0,seekingalpha,2024-10-14
PFE,142.0,seekingalpha,2024-10-14
PFG,61.0,seekingalpha,2024-10-14
PG,142.0,seekingalpha,2024-10-14
PH,141.0,seekingalpha,2024-10-14
PHM,108.0,seekingalpha,2024-10-14
PII,124.0,seekingalpha,2024-10-14
PKG,84.0,seekingalpha,2024-10-14
PLD,107.0,seekingalpha,2024-10-14
PM,66.0,seekingalpha,2024-10-14
PNC,142.0,seekingalpha,2024-10-14
PNW,134.0,seekingalpha,2024-10-14
POOL,82.0,seekingalpha,2024-10-14
POR,74.0,seekingalpha,2024-10-14
POWI,64.0,seekingalpha,2024-10-14
PPG,141.0,seekingalpha,2024-10-14
PRGO,87.0,seekingalpha,2024-10-14
PRI,57.0,seekingalpha,2024-10-14
PRU,58.0,seekingalpha,2024-10-14
PSX,48.0,seekingalpha,2024-10-14
QCOM,87.0,seekingalpha,2024-10-14
QSR,39.0,seekingalpha,2024-10-14
R,141.0,seekingalpha,2024-10-14
RBA,84.0,seekingalpha,2024-10-14
REG,127.0,seekingalpha,2024-10-14
REXR,45.0,seekingalpha,2024-10-14
RF,142.0,seekingalpha,2024-10-14
RGA,65.0,seekingalpha,2024-10-14
RGLD,89.0,seekingalpha,2024-10-14
RHI,83.0,seekingalpha,2024-10-14
RJF,140.0,seekingalpha,2024-10-14
RLI,157.0,seekingalpha,2024-10-14
RMD,49.0,seekingalpha,2024-10-14
RNR,108.0,seekingalpha,2024-10-14
ROK,111.0,seekingalpha,2024-10-14
ROP,130.0,seekingalpha,2024-10-14
RPM,141.0,seekingalpha,2024-10-14
RRX,142.0,seekingalpha,2024-10-14
RS,123.0,seekingalpha,2024-10-14
RSG,85.0,seekingalpha,2024-10-14
RUSHA,25.0,seekingalpha,2024-10-14
SBUX,58.0,seekingalpha,2024-10-14
SCI,120.0,seekingalpha,2024-10-14
SCL,141.0,seekingalpha,2024-10-14
SEIC,74.0,seekingalpha,2024-10-14
SF,65.0,seekingalpha,2024-10-14
SFBS,45.0,seekingalpha,2024-10-14
SFNC,142.0,seekingalpha,2024-10-14
SHW,141.0,seekingalpha,2024-10-14
SIGI,140.0,seekingalpha,2024-10-14
SJM,97.0,seekingalpha,2024-10-14
SJW,143.0,seekingalpha,2024-10-14
SLGN,82.0,seekingalpha,2024-10-14
SNA,141.0,seekingalpha,2024-10-14
SO,141.0,seekingalpha,2024-10-14
SON,141.0,seekingalpha,2024-10-14
SPGI,144.0,seekingalpha,2024-10-14
SR,142.0,seekingalpha,2024-10-14
SRE,105.0,seekingalpha,2024-10-14
SSB,115.0,seekingalpha,2024-10-14
SSD,83.0,seekingalpha,2024-10-14
SSNC,40.0,seekingalpha,2024-10-14
STAG,145.0,seekingalpha,2024-10-14
STBA,129.0,seekingalpha,2024-10-14
STE,78.0,seekingalpha,2024-10-14
STLD,90.0,seekingalpha,2024-10-14
STT,110.0,seekingalpha,2024-10-14
STZ,39.0,seekingalpha,2024-10-14
SUI,123.0,seekingalpha,2024-10-14
SWK,142.0,seekingalpha,2024-10-14
SWKS,52.0,seekingalpha,2024-10-14
SWX,142.0,seekingalpha,2024-10-14
SXI,141.0,seekingalpha,2024-10-14
SYBT,129.0,seekingalpha,2024-10-14
SYK,79.0,seekingalpha,2024-10-14
SYY,141.0,seekingalpha,2024-10-14
TCBK,125.0,seekingalpha,2024-10-14
TDS,78.0,seekingalpha,2024-10-14
TEL,59.0,seekingalpha,2024-10-14
TGT,100.0,seekingalpha,2024-10-14
THG,81.0,seekingalpha,2024-10-14
THO,147.0,seekingalpha,2024-10-14
TKR,141.0,seekingalpha,2024-10-14
TMO,52.0,seekingalpha,2024-10-14
TNC,141.0,seekingalpha,2024-10-14
TOWN,76.0,seekingalpha,2024-10-14
TPL,64.0,seekingalpha,2024-10-14
TR,141.0,seekingalpha,2024-10-14
TRI,142.0,seekingalpha,2024-10-14
TRN,142.0,seekingalpha,2024-10-14
TRNO,55.0,seekingalpha,2024-10-14
TROW,99.0,seekingalpha,2024-10-14
TRV,142.0,seekingalpha,2024-10-14
TSCO,58.0,seekingalpha,2024-10-14
TSN,143.0,seekingalpha,2024-10-14
TTC,141.0,seekingalpha,2024-10-14
TTEK,42.0,seekingalpha,2024-10-14
TXN,142.0,seekingalpha,2024-10-14
UBSI,140.0,seekingalpha,2024-10-14
UDR,72.0,seekingalpha,2024-10-14
UFPI,73.0,seekingalpha,2024-10-14
UGI,130.0,seekingalpha,2024-10-14
UMBF,122.0,seekingalpha,2024-10-14
UNF,141.0,seekingalpha,2024-10-14
UNH,68.0,seekingalpha,2024-10-14
UNM,101.0,seekingalpha,2024-10-14
UNP,142.0,seekingalpha,2024-10-14
UPS,100.0,seekingalpha,2024-10-14
USB,104.0,seekingalpha,2024-10-14
UVV,141.0,seekingalpha,2024-10-14
V,65.0,seekingalpha,2024-10-14
VICI,27.0,seekingalpha,2024-10-14
VMC,141.0,seekingalpha,2024-10-14
VRTS,43.0,seekingalpha,2024-10-14
VZ,98.0,seekingalpha,2024-10-14
WABC,141.0,seekingalpha,2024-10-14
WAFD,119.0,seekingalpha,2024-10-14
WCN,148.0,seekingalpha,2024-10-14
WD,27.0,seekingalpha,2024-10-14
WDFC,147.0,seekingalpha,2024-10-14
WEC,142.0,seekingalpha,2024-10-14
WGO,91.0,seekingalpha,2024-10-14
WING,34.0,seekingalpha,2024-10-14
WLK,81.0,seekingalpha,2024-10-14
WLY,142.0,seekingalpha,2024-10-14
WM,90.0,seekingalpha,2024-10-14
WMB,155.0,seekingalpha,2024-10-14
WMS,41.0,seekingalpha,2024-10-14
WMT,143.0,seekingalpha,2024-10-14
WOR,141.0,seekingalpha,2024-10-14
WRB,161.0,seekingalpha,2024-10-14
WSBC,141.0,seekingalpha,2024-10-14
WSFS,106.0,seekingalpha,2024-10-14
WSM,75.0,seekingalpha,2024-10-14
WSO,143.0,seekingalpha,2024-10-14
WST,102.0,seekingalpha,2024-10-14
WTFC,71.0,seekingalpha,2024-10-14
WTRG,141.0,seekingalpha,2024-10-14
WTS,142.0,seekingalpha,2024-10-14
XEL,98.0,seekingalpha,2024-10-14
XOM,119.0,seekingalpha,2024-10-14
XRAY,121.0,seekingalpha,2024-10-14
XYL,52.0,seekingalpha,2024-10-14
YUM,81.0,seekingalpha,2024-10-14
ZION,140.0,seekingalpha,2024-10-14
ZTS,47.0,seekingalpha,2024-10-14
PAYX,1.0,digrin,2024-10-14
PFE,1.0,digrin,2024-10-14
MET,1.0,digrin,2024-10-14
O,1.0,digrin,2024-10-14
THO,1.0,digrin,2024-10-14
ADC,1.0,digrin,2024-10-14
AOS,1.0,digrin,2024-10-14
ATR,1.0,digrin,2024-10-14
BK,1.0,digrin,2024-10-14
CAT,1.0,digrin,2024-10-14
FAST,1.0,digrin,2024-10-14
LKFN,1.0,digrin,2024-10-14
NWN,1.0,digrin,2024-10-14
PG,1.0,digrin,2024-10-14
STAG,3.0,digrin,2024-10-14
WDFC,1.0,digrin,2024-10-14
ZTS,1.0,digrin,2024-10-14
AEE,1.0,nasdaq,2024-10-14
AES,1.0,nasdaq,2024-10-14
AON,1.0,nasdaq,2024-10-14
PSX,1.0,nasdaq,2024-10-14
UNM,1.0,nasdaq,2024-10-14
VMC,1.0,nasdaq,2024-10-14
